{"D":-0.0008270444,"MTD":-0.004839374,"M":-0.0061696658,"YTD":0.0028014111,"Y":-0.0513349038,"Start (yearly)":0.0121834189}