{"D":0.0020597322,"MTD":0.0043352601,"M":0.0017502316,"YTD":0.0066211463,"Y":-0.0469193849,"Start (yearly)":-0.0144886562}