{"Cash Equivalents":0.7782173136,"Commodities & Extractors":0.0,"Equity":0.1180338162,"Fixed Income":0.0795227398,"Long Volatility":0.0,"Precious Metals":0.020111588,"Short Volatility":0.0041145429}