{"D":0.0013979031,"MTD":0.0030003,"M":0.0059177533,"YTD":0.0185862279,"Y":-0.0146394184,"Start (yearly)":0.0018443679}