{"D":-0.0007170662,"MTD":0.0011288998,"M":0.0020544427,"YTD":0.0092075316,"Y":-0.0502385357,"Start (yearly)":-0.014323294}