{"D":-0.0006175381,"MTD":0.0003090553,"M":-0.000720387,"YTD":0.0074704295,"Y":-0.0465435978,"Start (yearly)":0.0140400023}