{"D":0.0010262726,"MTD":0.0010262726,"M":0.0006155109,"YTD":0.0091040761,"Y":-0.0479258175,"Start (yearly)":-0.0147075693}