{"D":0.0028924796,"MTD":0.0059023609,"M":0.0050979608,"YTD":0.0212268942,"Y":-0.016048537,"Start (yearly)":0.0031450148}