{"Cash Equivalents":0.7930472475,"Commodities & Extractors":0.0,"Equity":0.0627315576,"Fixed Income":0.1152229556,"Long Volatility":0.0,"Precious Metals":0.0289982417,"Short Volatility":0.0}