{"D":-0.0039991797,"MTD":-0.0039991797,"M":-0.0042034037,"YTD":0.0048624043,"Y":-0.0431484583,"Start (yearly)":-0.0162547974}