{"D":0.0,"MTD":-0.0008234689,"M":-0.0008234689,"YTD":0.0071591617,"Y":-0.04898599,"Start (yearly)":-0.0177060731}