{"D":0.0030012005,"MTD":0.0030012005,"M":-0.001095945,"YTD":0.0182815356,"Y":-0.0093864243,"Start (yearly)":0.0015065585}