{"D":0.00160016,"MTD":0.00160016,"M":0.0037081579,"YTD":0.0171643307,"Y":-0.0180409844,"Start (yearly)":0.0009660122}