{"D":0.0022708505,"MTD":0.0022708505,"M":-0.0043068089,"YTD":0.0045520381,"Y":-0.0406086355,"Start (yearly)":-0.0157518343}