{"D":0.0003077239,"MTD":0.0008210181,"M":0.0008210181,"YTD":0.0088971653,"Y":-0.042983317,"Start (yearly)":-0.0141856708}