{"D":0.0006979063,"MTD":0.00380038,"M":0.00380038,"YTD":0.0193987406,"Y":-0.0122035233,"Start (yearly)":0.0022696828}