{"Cash Equivalents":0.7773811874,"Commodities & Extractors":0.0,"Equity":0.1102014959,"Fixed Income":0.0882907207,"Long Volatility":0.0,"Precious Metals":0.0203076848,"Short Volatility":0.0038189127}