{"Cash Equivalents":0.7781500414,"Commodities & Extractors":0.0,"Equity":0.062811133,"Fixed Income":0.1300471898,"Long Volatility":0.0,"Precious Metals":0.0289916368,"Short Volatility":0.0}