{"Cash Equivalents":0.7780547127,"Commodities & Extractors":0.0,"Equity":0.1182905183,"Fixed Income":0.0794613742,"Long Volatility":0.0,"Precious Metals":0.0200651664,"Short Volatility":0.0041282284}