{"Cash Equivalents":0.1433722555,"Commodities & Extractors":0.0,"Equity":0.3642912559,"Fixed Income":0.3648065687,"Long Volatility":0.0,"Precious Metals":0.1275299218,"Short Volatility":0.0}