{"D":-0.0006207967,"MTD":-0.0054571664,"M":-0.0058666118,"YTD":0.0021788753,"Y":-0.053781348,"Start (yearly)":0.0118927868}