{"D":-0.0006150692,"MTD":0.0005131363,"M":-0.0003076292,"YTD":0.0085867991,"Y":-0.0432777233,"Start (yearly)":-0.0144926861}