{"Equities":{"current":0.13,"target":0.16585379347138673,"change":-0.0126351742},"Government Bonds":{"current":0.026,"target":0.0826051879206461,"change":-0.0156729406},"Commodities & Extractors":{"current":0.022,"target":0.011393636023452431,"change":-0.0019461702},"Gold":{"current":0.0,"target":0.019,"change":0.019}, "Cash Equivalents":{"current":0.80,"target":0.7213747258765882,"change":0.0302542846}}