{"D":0.00019998,"MTD":-0.0033874664,"M":-0.0023935374,"YTD":0.0159455616,"Y":-0.0194098618,"Start (yearly)":0.0001778706}