{"D":-0.00029988,"MTD":-0.0035867291,"M":-0.0027919035,"YTD":0.0157424335,"Y":-0.0175834971,"Start (yearly)":0.0000599742}