{"D":-0.0008236384,"MTD":-0.0048195242,"M":-0.0058389674,"YTD":0.004034761,"Y":-0.0481561397,"Start (yearly)":-0.0165340445}