{"D":0.0015416238,"MTD":0.0058835673,"M":0.0041215868,"YTD":0.0081729774,"Y":-0.0454500931,"Start (yearly)":-0.0135608802}