{"D":0.0002059732,"MTD":0.0005150922,"M":0.0005150922,"YTD":0.0076779415,"Y":-0.0463472113,"Start (yearly)":0.014031968}