{"D":0.001959571,"MTD":0.001959571,"M":0.0072576464,"YTD":0.0079892094,"Y":-0.0337179232,"Start (yearly)":0.0133438275}