{"D":-0.003287835,"MTD":-0.003287835,"M":-0.0010983525,"YTD":0.0160471257,"Y":-0.0124383021,"Start (yearly)":0.0002426719}