{"Cash Equivalents":0.7775839506,"Commodities & Extractors":0.0,"Equity":0.1186046389,"Fixed Income":0.0795733706,"Long Volatility":0.0,"Precious Metals":0.0201732417,"Short Volatility":0.0040647998}