{"D":-0.001340068,"MTD":-0.0065627564,"M":-0.006257052,"YTD":0.002276019,"Y":-0.0522402661,"Start (yearly)":-0.0171312064}