{"D":0.002580389,"MTD":0.002580389,"M":0.0106042417,"YTD":0.0260004063,"Y":0.0013877875,"Start (yearly)":0.0056491457}