{"Cash Equivalents":0.7782918158,"Commodities & Extractors":0.0,"Equity":0.1178574686,"Fixed Income":0.0795036839,"Long Volatility":0.0,"Precious Metals":0.0204811261,"Short Volatility":0.0038659059}