{"D":0.0002991922,"MTD":0.00310031,"M":0.00289971,"YTD":0.018687792,"Y":-0.0128924318,"Start (yearly)":0.0018592979}