{"D":0.0,"MTD":0.0002058672,"M":0.001236476,"YTD":0.0081967213,"Y":-0.0594327751,"Start (yearly)":-0.0171542259}