{"D":0.0018896072,"MTD":0.0078031212,"M":0.0072992701,"YTD":0.0231566118,"Y":-0.0141892553,"Start (yearly)":0.0041902742}