{"Cash Equivalents":0.7723768914,"Commodities & Extractors":0.0,"Equity":0.0834263299,"Fixed Income":0.1151147857,"Long Volatility":0.0,"Precious Metals":0.0290819899,"Short Volatility":0.0}