{"Cash Equivalents":0.7774950655,"Commodities & Extractors":0.0,"Equity":0.072533814,"Fixed Income":0.1062857014,"Long Volatility":0.0,"Precious Metals":0.0436854224,"Short Volatility":0.0}