{"Cash Equivalents":0.7786817001,"Commodities & Extractors":0.0,"Equity":0.1179268846,"Fixed Income":0.0792317559,"Long Volatility":0.0,"Precious Metals":0.0203033217,"Short Volatility":0.0038563366}