{"Cash Equivalents":0.7782286379,"Commodities & Extractors":0.0,"Equity":0.1180091512,"Fixed Income":0.0795380575,"Long Volatility":0.0,"Precious Metals":0.020202352,"Short Volatility":0.0040218043}