{"D":-0.0040156507,"MTD":-0.0040156507,"M":-0.0045281465,"YTD":0.0036314588,"Y":-0.046431388,"Start (yearly)":0.012549205}