{"D":0.0,"MTD":0.0023050712,"M":0.0040156611,"YTD":0.0157424335,"Y":-0.0266666667,"Start (yearly)":0.0000602711}