{"D":-0.0107917402,"MTD":-0.0107917402,"M":-0.0187339166,"YTD":-0.0108943764,"Y":-0.0587480253,"Start (yearly)":0.0069357947}