{"Cash Equivalents":0.7785059097,"Commodities & Extractors":0.0,"Equity":0.0623632643,"Fixed Income":0.1301589926,"Long Volatility":0.0,"Precious Metals":0.0289718356,"Short Volatility":0.0}