{"Cash Equivalents":0.7669790863,"Commodities & Extractors":0.0,"Equity":0.0954664229,"Fixed Income":0.1056224578,"Long Volatility":0.0,"Precious Metals":0.0280394216,"Short Volatility":0.0038926128}