{"Cash Equivalents":0.7779706865,"Commodities & Extractors":0.0,"Equity":0.1182283815,"Fixed Income":0.0796145768,"Long Volatility":0.0,"Precious Metals":0.0200849854,"Short Volatility":0.00410137}