{"D":0.0010301844,"MTD":0.0010301844,"M":0.0002058672,"YTD":0.0081967213,"Y":-0.0512595196,"Start (yearly)":0.0145980226}