{"D":-0.0004949515,"MTD":0.0020841604,"M":0.0070815879,"YTD":0.0254925858,"Y":4.440892099e-16,"Start (yearly)":0.0053161139}