{"Cash Equivalents":0.7776837438,"Commodities & Extractors":0.0,"Equity":0.1184110388,"Fixed Income":0.0796989528,"Long Volatility":0.0,"Precious Metals":0.0201699072,"Short Volatility":0.0040363552}