{"D":0.0,"MTD":-0.0004103406,"M":-0.0004103406,"YTD":0.008069522,"Y":-0.0455480458,"Start (yearly)":-0.015458495}