{"Cash Equivalents":0.7781326511,"Commodities & Extractors":0.0,"Equity":0.1182290658,"Fixed Income":0.0794816034,"Long Volatility":0.0,"Precious Metals":0.0200991834,"Short Volatility":0.0040574954}