{"Cash Equivalents":0.7779481432,"Commodities & Extractors":0.0,"Equity":0.1104643124,"Fixed Income":0.08744686,"Long Volatility":0.0,"Precious Metals":0.0202883137,"Short Volatility":0.0038523698}