{"D":0.0,"MTD":0.0004103406,"M":0.0014376669,"YTD":0.0088971653,"Y":-0.0561362756,"Start (yearly)":-0.0150220232}