{"D":-0.0109447599,"MTD":-0.0109447599,"M":-0.018545082,"YTD":-0.0090006207,"Y":-0.0556048506,"Start (yearly)":-0.0210060884}