{"D":0.0,"MTD":0.0021046302,"M":0.0021046302,"YTD":0.0155393053,"Y":-0.0158464567,"Start (yearly)":-0.0000600752}