{"D":-0.0006997901,"MTD":-0.0040848859,"M":-0.0033898305,"YTD":0.015234613,"Y":-0.0211515864,"Start (yearly)":-0.0002345298}