{"D":-0.0009254499,"MTD":0.000927166,"M":0.0016494845,"YTD":0.0080929653,"Y":-0.0536670887,"Start (yearly)":0.0143656718}