{"D":-0.0010245902,"MTD":0.001026694,"M":0.0041194645,"YTD":0.0086902545,"Y":-0.0316813984,"Start (yearly)":-0.0129038443}