{"D":0.0023846553,"MTD":0.0023846553,"M":-0.0045304778,"YTD":0.003112679,"Y":-0.0439082278,"Start (yearly)":0.0120536114}