{"Cash Equivalents":0.808892511,"Commodities & Extractors":0.0,"Equity":0.0638131185,"Fixed Income":0.1015278023,"Long Volatility":0.0,"Precious Metals":0.0257665661,"Short Volatility":0.0}