{"D":-0.0011322697,"MTD":0.0008250825,"M":0.0037236243,"YTD":0.0068478938,"Y":-0.0350999304,"Start (yearly)":0.0128912437}