{"D":-0.0004121587,"MTD":-0.0052296965,"M":-0.0055356228,"YTD":0.0036209394,"Y":-0.0504111198,"Start (yearly)":-0.0165842789}