{"D":-0.0001994217,"MTD":0.00280028,"M":0.0051122694,"YTD":0.0183830997,"Y":-0.0200351837,"Start (yearly)":0.0016965253}