{"D":0.0008232994,"MTD":0.0018543319,"M":0.0025773196,"YTD":0.009026769,"Y":-0.0481550357,"Start (yearly)":0.0147917572}