{"D":0.0014452359,"MTD":0.0058061172,"M":0.0037247801,"YTD":0.0065366259,"Y":-0.0487350461,"Start (yearly)":0.0130332689}