{"D":0.0008201763,"MTD":0.0018472906,"M":0.0028765153,"YTD":0.0099317194,"Y":-0.0449075433,"Start (yearly)":-0.0140676923}