{"D":-0.0104498408,"MTD":-0.0104498408,"M":-0.0157394575,"YTD":0.0098517164,"Y":-0.0246223269,"Start (yearly)":-0.0030082815}