{"D":-0.0014494254,"MTD":-0.006898682,"M":-0.0066941298,"YTD":0.0007262918,"Y":-0.0555229142,"Start (yearly)":0.0113253361}