{"D":0.0019652462,"MTD":0.0043545879,"M":0.0014473276,"YTD":0.0050840423,"Y":-0.0501078643,"Start (yearly)":0.0126217362}