{"D":0.0020533881,"MTD":0.0020533881,"M":0.0074318745,"YTD":0.0097248086,"Y":-0.0303030303,"Start (yearly)":-0.0125068137}