{"Cash Equivalents":0.4652008995,"Equity":0.2733751733,"Fixed Income":0.1876316838,"Long Volatility":0.0,"Precious Metals":0.0,"Short Volatility":0.0722622811}