{"D":0.0033788967,"MTD":0.0033788967,"M":0.0324578434,"YTD":0.0426512411,"Y":0.0455048576,"Start (yearly)":0.144598493}