{"Cash Equivalents":0.8832615128,"Equity":0.0963303636,"Fixed Income":0.0,"Long Volatility":0.0,"Precious Metals":0.0190721868,"Short Volatility":0.0}