{"D":0.0201814583,"MTD":0.0201814583,"M":0.023510018,"YTD":0.030253652,"Y":0.0226287164,"Start (yearly)":0.140852507}