{"D":0.0,"MTD":-0.0016109683,"M":0.0070006258,"YTD":0.0374660723,"Y":0.0365121398,"Start (yearly)":0.1378793787}