{"Cash Equivalents":0.4684072178,"Equity":0.2726566315,"Fixed Income":0.1857465731,"Long Volatility":0.0,"Precious Metals":0.0,"Short Volatility":0.0727894054}