{"Cash Equivalents":0.3302214994,"Equity":0.4316115956,"Fixed Income":0.092882678,"Long Volatility":0.0,"Precious Metals":0.0669882538,"Short Volatility":0.0780371321}