{"D":0.0015808234,"MTD":0.0040019316,"M":0.0040019316,"YTD":0.017254797,"Y":0.0043953106,"Start (yearly)":0.1105684606}