{"Cash Equivalents":0.465255295,"Equity":0.2220109535,"Fixed Income":0.1825628845,"Long Volatility":0.0,"Precious Metals":0.0695498463,"Short Volatility":0.0604787297}