{"Cash Equivalents":0.7234034561,"Equity":0.1323151614,"Fixed Income":0.0,"Long Volatility":0.0,"Precious Metals":0.0671546253,"Short Volatility":0.0769233687}