{"Cash Equivalents":0.3306093382,"Equity":0.4315681334,"Fixed Income":0.0924844302,"Long Volatility":0.0,"Precious Metals":0.0668442442,"Short Volatility":0.0782346894}