{"D":-0.0071329329,"MTD":-0.0165337112,"M":-0.0145979974,"YTD":0.0065887328,"Y":0.0136274351,"Start (yearly)":0.134736686}