{"D":0.0017080934,"MTD":0.0093047601,"M":0.0109002927,"YTD":0.0267201088,"Y":0.0346603511,"Start (yearly)":0.150878051}