{"D":0.0086254896,"MTD":0.0289810228,"M":0.0289810228,"YTD":0.0391400941,"Y":0.0348375358,"Start (yearly)":0.1441685104}