{"D":-0.0094683152,"MTD":-0.0094683152,"M":-0.0062737293,"YTD":0.0138202445,"Y":0.0268735483,"Start (yearly)":0.140311889}