{"Cash Equivalents":0.3320709115,"Equity":0.4300647777,"Fixed Income":0.0933585838,"Long Volatility":0.0,"Precious Metals":0.0677849249,"Short Volatility":0.0764571374}