{"Cash Equivalents":0.4817036718,"Equity":0.2235498847,"Fixed Income":0.1827609934,"Long Volatility":0.0,"Precious Metals":0.0683993543,"Short Volatility":0.0433743923}