{"D":-0.0012010585,"MTD":0.0061502526,"M":0.0061502526,"YTD":0.0235111709,"Y":0.0333282482,"Start (yearly)":0.1474208111}