{"D":0.0032627134,"MTD":-0.0133249426,"M":-0.0147286568,"YTD":0.0098729433,"Y":0.0011153416,"Start (yearly)":0.1352121308}