{"Cash Equivalents":0.3299228644,"Equity":0.4329667517,"Fixed Income":0.0924312047,"Long Volatility":0.0,"Precious Metals":0.0670959648,"Short Volatility":0.0773616887}