{"D":-0.0002218793,"MTD":0.007360151,"M":0.0089526095,"YTD":0.0247419459,"Y":0.0326668899,"Start (yearly)":0.1497205225}