{"D":0.0,"MTD":0.0,"M":-0.0000887921,"YTD":0.0374660723,"Y":0.035037207,"Start (yearly)":0.1340846245}