{"Cash Equivalents":0.4764599668,"Equity":0.221000161,"Fixed Income":0.1881894236,"Long Volatility":0.0,"Precious Metals":0.0712099688,"Short Volatility":0.0430297731}