{"Cash Equivalents":0.8451211558,"Equity":0.0959006725,"Fixed Income":0.0,"Long Volatility":0.0,"Precious Metals":0.0193394318,"Short Volatility":0.0395181642}