{"D":0.0029157266,"MTD":0.0029157266,"M":0.0069293267,"YTD":0.0202208338,"Y":0.025289837,"Start (yearly)":0.1519490836}