{"D":0.0,"MTD":0.0,"M":-0.0049730615,"YTD":0.0374660723,"Y":0.0354569643,"Start (yearly)":0.1353261483}