{"D":0.0,"MTD":0.0,"M":-0.0133249426,"YTD":0.0098729433,"Y":0.0012184127,"Start (yearly)":0.1324990183}