{"Cash Equivalents":0.4724588621,"Equity":0.2232952046,"Fixed Income":0.1870945001,"Long Volatility":0.0,"Precious Metals":0.073283508,"Short Volatility":0.0433213736}