{"D":0.001254397,"MTD":0.0041737811,"M":0.0084683665,"YTD":0.0215005958,"Y":0.0365401367,"Start (yearly)":0.1510555679}