{"D":0.0,"MTD":0.0044723472,"M":0.0046050148,"YTD":0.016384116,"Y":0.012480315,"Start (yearly)":0.1126209402}