{"Cash Equivalents":0.6519892524,"Equity":0.2320534909,"Fixed Income":0.0473902645,"Long Volatility":0.0,"Precious Metals":0.067626997,"Short Volatility":0.0}