{"D":0.0033957588,"MTD":0.007583713,"M":0.0100712457,"YTD":0.0249693654,"Y":0.0369173612,"Start (yearly)":0.1514766089}