{"D":0.0,"MTD":0.0,"M":-0.0038934922,"YTD":0.0098729433,"Y":0.0015018478,"Start (yearly)":0.1311828386}