{"D":0.0,"MTD":-0.0133249426,"M":-0.014509997,"YTD":0.0098729433,"Y":0.0011580561,"Start (yearly)":0.1338418435}