{"Cash Equivalents":0.1992637195,"Equity":0.272382344,"Fixed Income":0.3423463384,"Long Volatility":0.0,"Precious Metals":0.0,"Short Volatility":0.1855873908}