{"D":-0.0048847031,"MTD":-0.0015223114,"M":0.0274145933,"YTD":0.0375581993,"Y":0.0394886139,"Start (yearly)":0.1405782816}