{"D":0.0,"MTD":-0.0016109683,"M":-0.0016109683,"YTD":0.0374660723,"Y":0.0352677372,"Start (yearly)":0.1365908482}