{"D":-0.0000887921,"MTD":-0.0016109683,"M":0.027323367,"YTD":0.0374660723,"Y":0.0352847029,"Start (yearly)":0.1391924189}