{"Cash Equivalents":0.5728861589,"Equity":0.2311827615,"Fixed Income":0.0472055383,"Long Volatility":0.0,"Precious Metals":0.0673880421,"Short Volatility":0.0803753917}