{"Cash Equivalents":0.4737087635,"Equity":0.2228625943,"Fixed Income":0.187318017,"Long Volatility":0.0,"Precious Metals":0.0704596572,"Short Volatility":0.043825026}