{"net perf\/dd":{"Bitcoin":2.9375324093,"CRC3":8.0032363624,"CRC3b":8.579756158,"folio_equal-weight_btc_eth_xrp":4.527777076},"Sharpe":{"Bitcoin":1.6553843686,"CRC3":5.5934010417,"CRC3b":5.766731748,"folio_equal-weight_btc_eth_xrp":2.4927998496},"perf":{"Bitcoin":2.7340884418,"CRC3":5.1100372748,"CRC3b":5.3114044073,"folio_equal-weight_btc_eth_xrp":4.2141979197},"net perf":{"Bitcoin":2.7340884418,"CRC3":5.1100372748,"CRC3b":5.3114044073,"folio_equal-weight_btc_eth_xrp":4.2141979197},"dd":{"Bitcoin":0.9307432432,"CRC3":0.6384963587,"CRC3b":0.6190623964,"folio_equal-weight_btc_eth_xrp":0.9307432431},"vol":{"Bitcoin":1.6516335986,"CRC3":0.9135832093,"CRC3b":0.9210423927,"folio_equal-weight_btc_eth_xrp":1.690548048},"occ":{"Bitcoin":1.0,"CRC3":0.6366975018,"CRC3b":0.6266713332,"folio_equal-weight_btc_eth_xrp":0.9999999993},"VaR robust 0.02":{"Bitcoin":-0.140455612,"CRC3":-0.0198747375,"CRC3b":-0.0184511404,"folio_equal-weight_btc_eth_xrp":-0.1533844107},"VaR sample 0.02":{"Bitcoin":-0.140455612,"CRC3":-0.0188457687,"CRC3b":-0.017687022,"folio_equal-weight_btc_eth_xrp":-0.1458861734}}